{
  "model_type": "CatBoost",
  "training_timestamp": "20250803_131351",
  "training_data_file": "comprehensive_training_data_20250803_131247.csv",
  "num_training_examples": 284,
  "num_test_examples": 71,
  "features": [
    "games",
    "targets",
    "carries",
    "receptions",
    "receiving_yards",
    "rushing_yards",
    "receiving_tds",
    "rushing_tds",
    "passing_yards",
    "passing_tds",
    "interceptions",
    "avg_fantasy_points_3yr",
    "avg_targets_3yr",
    "avg_carries_3yr",
    "performance_trend_pct",
    "consistency_score",
    "seasons_played",
    "total_games",
    "avg_opportunity",
    "points_per_game",
    "opportunity_share",
    "catch_rate",
    "yards_per_target",
    "total_touches",
    "yards_per_touch",
    "passing_efficiency",
    "position"
  ],
  "categorical_features": [
    "position"
  ],
  "target_variable": "fantasy_points_ppr",
  "performance_metrics": {
    "train_rmse": 0.253305511235685,
    "test_rmse": 5.712876309976716,
    "train_mae": 0.15876573882865924,
    "test_mae": 3.592207918412104,
    "train_r2": 0.999987742924267,
    "test_r2": 0.9923107775988268
  },
  "feature_importance": {
    "games": 1.381388730478098,
    "targets": 3.219203715067832,
    "carries": 0.7534407599128364,
    "receptions": 2.251558829443912,
    "receiving_yards": 5.321368168269335,
    "rushing_yards": 3.0753027485844537,
    "receiving_tds": 2.748927611137445,
    "rushing_tds": 0.8232841584451662,
    "passing_yards": 0.0024722694264511184,
    "passing_tds": 0.0006858577616982413,
    "interceptions": 0.0007058366677743685,
    "avg_fantasy_points_3yr": 19.470277778527628,
    "avg_targets_3yr": 4.868308967409989,
    "avg_carries_3yr": 0.5341737970538104,
    "performance_trend_pct": 1.2896302155839752,
    "consistency_score": 0.14879143306187353,
    "seasons_played": 1.2782409058951283,
    "total_games": 0.315796416239694,
    "avg_opportunity": 3.8590901755474167,
    "points_per_game": 44.9562334833219,
    "opportunity_share": 1.337056042983145,
    "catch_rate": 0.692245809545775,
    "yards_per_target": 1.4808852726995825,
    "total_touches": 0.008925010147574077,
    "yards_per_touch": 0.07252807887365174,
    "passing_efficiency": 0.00034337941810400676,
    "position": 0.1091345484956983
  },
  "position_distribution": {
    "WR": 315,
    "TE": 17,
    "RB": 13,
    "QB": 10
  },
  "fantasy_points_range": {
    "min": 10.4,
    "max": 433.7,
    "mean": 84.07971830985916,
    "std": 71.12055997226037
  }
}